{
  "mixin_test44": {
    "SpatioTemporalCNN": {
      "mean": 0.0010915384034395265,
      "std": 0.0010862964452343212,
      "ci_low": 0.000753024600883825,
      "ci_high": 0.001430052205995228,
      "n": 42
    },
    "SimpleUNet": {
      "mean": 0.00030812127085099323,
      "std": 0.0002861583257798426,
      "ci_low": 0.00021894805904708954,
      "ci_high": 0.0003972944826548969,
      "n": 42
    },
    "GMM": {
      "mean": 180.31222920256963,
      "std": 0.0,
      "ci_low": 180.31222920256963,
      "ci_high": 180.31222920256963,
      "n": 14
    },
    "LastFrame": {
      "mean": 0.0,
      "std": 0.0,
      "ci_low": 0.0,
      "ci_high": 0.0,
      "n": 14
    }
  },
  "mixin_test57": {
    "SpatioTemporalCNN": {
      "mean": 4.947150385155539,
      "std": 3.0452875688228924,
      "ci_low": 4.495412645347655,
      "ci_high": 5.398888124963423,
      "n": 177
    },
    "SimpleUNet": {
      "mean": 1.1057450751943885,
      "std": 0.5182282683432008,
      "ci_low": 1.0288711309920022,
      "ci_high": 1.1826190193967747,
      "n": 177
    },
    "GMM": {
      "mean": 17.875281125527287,
      "std": 3.222228913349871,
      "ci_low": 17.0355636972308,
      "ci_high": 18.714998553823776,
      "n": 59
    },
    "LastFrame": {
      "mean": 9.044931821338295,
      "std": 0.5376990957752067,
      "ci_low": 8.904806673794912,
      "ci_high": 9.185056968881678,
      "n": 59
    }
  },
  "mixin_test64": {
    "SpatioTemporalCNN": {
      "mean": 0.3723937511697774,
      "std": 0.18603665455540042,
      "ci_low": 0.33274396025852654,
      "ci_high": 0.4120435420810283,
      "n": 87
    },
    "SimpleUNet": {
      "mean": 0.16984744849148264,
      "std": 0.16127482411815214,
      "ci_low": 0.13547511971135373,
      "ci_high": 0.20421977727161156,
      "n": 87
    },
    "GMM": {
      "mean": 5.016818852666689,
      "std": 2.059275430854962,
      "ci_low": 4.233512370774384,
      "ci_high": 5.800125334558994,
      "n": 29
    },
    "LastFrame": {
      "mean": 1.3039842349884723,
      "std": 0.12891451746886937,
      "ci_low": 1.254947775061662,
      "ci_high": 1.3530206949152825,
      "n": 29
    }
  }
}