{
  "SpatioTemporalCNN": {
    "mean": 0.3723937511697774,
    "std": 0.18603665455540042,
    "ci_low": 0.33274396025852654,
    "ci_high": 0.4120435420810283,
    "n": 87
  },
  "SimpleUNet": {
    "mean": 0.16984744849148264,
    "std": 0.16127482411815214,
    "ci_low": 0.13547511971135373,
    "ci_high": 0.20421977727161156,
    "n": 87
  },
  "GMM": {
    "mean": 5.016818852666689,
    "std": 2.059275430854962,
    "ci_low": 4.233512370774384,
    "ci_high": 5.800125334558994,
    "n": 29
  },
  "LastFrame": {
    "mean": 1.3039842349884723,
    "std": 0.12891451746886937,
    "ci_low": 1.254947775061662,
    "ci_high": 1.3530206949152825,
    "n": 29
  }
}