{
  "SpatioTemporalCNN": {
    "mean": 4.947150385155539,
    "std": 3.0452875688228924,
    "ci_low": 4.495412645347655,
    "ci_high": 5.398888124963423,
    "n": 177
  },
  "SimpleUNet": {
    "mean": 1.1057450751943885,
    "std": 0.5182282683432008,
    "ci_low": 1.0288711309920022,
    "ci_high": 1.1826190193967747,
    "n": 177
  },
  "GMM": {
    "mean": 17.875281125527287,
    "std": 3.222228913349871,
    "ci_low": 17.0355636972308,
    "ci_high": 18.714998553823776,
    "n": 59
  },
  "LastFrame": {
    "mean": 9.044931821338295,
    "std": 0.5376990957752067,
    "ci_low": 8.904806673794912,
    "ci_high": 9.185056968881678,
    "n": 59
  }
}