{
  "SpatioTemporalCNN": {
    "mean": 0.0010915384034395265,
    "std": 0.0010862964452343212,
    "ci_low": 0.000753024600883825,
    "ci_high": 0.001430052205995228,
    "n": 42
  },
  "SimpleUNet": {
    "mean": 0.00030812127085099323,
    "std": 0.0002861583257798426,
    "ci_low": 0.00021894805904708954,
    "ci_high": 0.0003972944826548969,
    "n": 42
  },
  "GMM": {
    "mean": 180.31222920256963,
    "std": 0.0,
    "ci_low": 180.31222920256963,
    "ci_high": 180.31222920256963,
    "n": 14
  },
  "LastFrame": {
    "mean": 0.0,
    "std": 0.0,
    "ci_low": 0.0,
    "ci_high": 0.0,
    "n": 14
  }
}